date,sales,month,day,weekday,week,lag_1,lag_7,lag_30,rolling_mean_7,rolling_mean_30,is_weekend,month_sin,month_cos,trend
2021-02-06,425.0,2,6,5,5,371.0,311.0,581.0,352.42857142857144,355.73333333333335,1,0.8660254037844386,0.5000000000000001,0
2021-02-07,556.0,2,7,6,5,425.0,411.0,564.0,368.7142857142857,350.53333333333336,1,0.8660254037844386,0.5000000000000001,1
2021-02-08,310.0,2,8,0,6,556.0,549.0,315.0,389.42857142857144,350.26666666666665,0,0.8660254037844386,0.5000000000000001,2
2021-02-09,340.0,2,9,1,6,310.0,239.0,309.0,355.2857142857143,350.1,0,0.8660254037844386,0.5000000000000001,3
2021-02-11,262.0,2,11,3,6,340.0,268.0,310.0,369.7142857142857,351.1333333333333,0,0.8660254037844386,0.5000000000000001,4
2021-02-12,292.0,2,12,4,6,262.0,318.0,316.0,368.85714285714283,349.53333333333336,0,0.8660254037844386,0.5000000000000001,5
2021-02-13,419.0,2,13,5,6,292.0,371.0,394.0,365.14285714285717,348.73333333333335,1,0.8660254037844386,0.5000000000000001,6
2021-02-14,709.0,2,14,6,6,419.0,425.0,473.0,372.0,349.56666666666666,1,0.8660254037844386,0.5000000000000001,7
2021-02-15,329.0,2,15,0,7,709.0,556.0,291.0,412.57142857142856,357.43333333333334,0,0.8660254037844386,0.5000000000000001,8
2021-02-16,322.0,2,16,1,7,329.0,310.0,258.0,380.14285714285717,358.7,0,0.8660254037844386,0.5000000000000001,9
2021-02-18,291.0,2,18,3,7,322.0,340.0,287.0,381.85714285714283,360.8333333333333,0,0.8660254037844386,0.5000000000000001,10
2021-02-19,423.0,2,19,4,7,291.0,262.0,322.0,374.85714285714283,360.96666666666664,0,0.8660254037844386,0.5000000000000001,11
2021-02-20,487.0,2,20,5,7,423.0,292.0,379.0,397.85714285714283,364.3333333333333,1,0.8660254037844386,0.5000000000000001,12
2021-02-21,852.0,2,21,6,7,487.0,419.0,507.0,425.7142857142857,367.93333333333334,1,0.8660254037844386,0.5000000000000001,13
2021-02-22,552.0,2,22,0,8,852.0,709.0,285.0,487.57142857142856,379.43333333333334,0,0.8660254037844386,0.5000000000000001,14
2021-02-23,588.0,2,23,1,8,552.0,329.0,286.0,465.14285714285717,388.3333333333333,0,0.8660254037844386,0.5000000000000001,15
2021-02-25,585.0,2,25,3,8,588.0,322.0,266.0,502.14285714285717,398.4,0,0.8660254037844386,0.5000000000000001,16
2021-02-26,710.0,2,26,4,8,585.0,291.0,326.0,539.7142857142857,409.03333333333336,0,0.8660254037844386,0.5000000000000001,17
2021-02-27,903.0,2,27,5,8,710.0,423.0,363.0,599.5714285714286,421.8333333333333,1,0.8660254037844386,0.5000000000000001,18
2021-02-28,1283.0,2,28,6,8,903.0,487.0,488.0,668.1428571428571,439.8333333333333,1,0.8660254037844386,0.5000000000000001,19
2021-03-01,538.0,3,1,0,9,1283.0,852.0,307.0,781.8571428571429,466.3333333333333,0,1.0,6.123233995736766e-17,20
2021-03-02,582.0,3,2,1,9,538.0,552.0,305.0,737.0,474.03333333333336,0,1.0,6.123233995736766e-17,21
2021-03-04,582.0,3,4,3,9,582.0,588.0,273.0,741.2857142857143,483.26666666666665,0,1.0,6.123233995736766e-17,22
2021-03-05,612.0,3,5,4,9,582.0,585.0,311.0,740.4285714285714,493.56666666666666,0,1.0,6.123233995736766e-17,23
2021-03-06,724.0,3,6,5,9,612.0,710.0,411.0,744.2857142857143,503.6,1,1.0,6.123233995736766e-17,24
2021-03-07,872.0,3,7,6,9,724.0,903.0,549.0,746.2857142857143,514.0333333333333,1,1.0,6.123233995736766e-17,25
2021-03-08,391.0,3,8,0,10,872.0,1283.0,239.0,741.8571428571429,524.8,0,1.0,6.123233995736766e-17,26
2021-03-09,435.0,3,9,1,10,391.0,538.0,268.0,614.4285714285714,529.8666666666667,0,1.0,6.123233995736766e-17,27
2021-03-11,432.0,3,11,3,10,435.0,582.0,318.0,599.7142857142857,535.4333333333333,0,1.0,6.123233995736766e-17,28
2021-03-12,493.0,3,12,4,10,432.0,582.0,371.0,578.2857142857143,539.2333333333333,0,1.0,6.123233995736766e-17,29
2021-03-13,638.0,3,13,5,10,493.0,612.0,425.0,565.5714285714286,543.3,1,1.0,6.123233995736766e-17,30
2021-03-14,864.0,3,14,6,10,638.0,724.0,556.0,569.2857142857143,550.4,1,1.0,6.123233995736766e-17,31
2021-03-15,410.0,3,15,0,11,864.0,872.0,310.0,589.2857142857143,560.6666666666666,0,1.0,6.123233995736766e-17,32
2021-03-16,473.0,3,16,1,11,410.0,391.0,340.0,523.2857142857143,564.0,0,1.0,6.123233995736766e-17,33
2021-03-18,313.0,3,18,3,11,473.0,435.0,262.0,535.0,568.4333333333333,0,1.0,6.123233995736766e-17,34
2021-03-19,393.0,3,19,4,11,313.0,432.0,292.0,517.5714285714286,570.1333333333333,0,1.0,6.123233995736766e-17,35
2021-03-20,624.0,3,20,5,11,393.0,493.0,419.0,512.0,573.5,1,1.0,6.123233995736766e-17,36
2021-03-21,759.0,3,21,6,11,624.0,638.0,709.0,530.7142857142857,580.3333333333334,1,1.0,6.123233995736766e-17,37
2021-03-22,397.0,3,22,0,12,759.0,864.0,329.0,548.0,582.0,0,1.0,6.123233995736766e-17,38
2021-03-23,346.0,3,23,1,12,397.0,410.0,322.0,481.2857142857143,584.2666666666667,0,1.0,6.123233995736766e-17,39
2021-03-25,404.0,3,25,3,12,346.0,473.0,291.0,472.14285714285717,585.0666666666667,0,1.0,6.123233995736766e-17,40
2021-03-26,461.0,3,26,4,12,404.0,313.0,423.0,462.2857142857143,588.8333333333334,0,1.0,6.123233995736766e-17,41
2021-03-27,468.0,3,27,5,12,461.0,393.0,487.0,483.42857142857144,590.1,1,1.0,6.123233995736766e-17,42
2021-03-28,727.0,3,28,6,12,468.0,624.0,852.0,494.14285714285717,589.4666666666667,1,1.0,6.123233995736766e-17,43
2021-03-29,390.0,3,29,0,13,727.0,759.0,552.0,508.85714285714283,585.3,0,1.0,6.123233995736766e-17,44
2021-03-30,466.0,3,30,1,13,390.0,397.0,588.0,456.14285714285717,579.9,0,1.0,6.123233995736766e-17,45
2021-04-01,366.0,4,1,3,13,466.0,346.0,585.0,466.0,575.8333333333334,0,0.8660254037844387,-0.4999999999999998,46
2021-04-02,519.0,4,2,4,13,366.0,404.0,710.0,468.85714285714283,568.5333333333333,0,0.8660254037844387,-0.4999999999999998,47
2021-04-03,747.0,4,3,5,13,519.0,461.0,903.0,485.2857142857143,562.1666666666666,1,0.8660254037844387,-0.4999999999999998,48
2021-04-04,1303.0,4,4,6,13,747.0,468.0,1283.0,526.1428571428571,556.9666666666667,1,0.8660254037844387,-0.4999999999999998,49
2021-04-05,706.0,4,5,0,14,1303.0,727.0,538.0,645.4285714285714,557.6333333333333,0,0.8660254037844387,-0.4999999999999998,50
2021-04-06,489.0,4,6,1,14,706.0,390.0,582.0,642.4285714285714,563.2333333333333,0,0.8660254037844387,-0.4999999999999998,51
2021-04-08,446.0,4,8,3,14,489.0,466.0,582.0,656.5714285714286,560.1333333333333,0,0.8660254037844387,-0.4999999999999998,52
2021-04-09,404.0,4,9,4,14,446.0,366.0,612.0,653.7142857142857,555.6,0,0.8660254037844387,-0.4999999999999998,53
2021-04-10,574.0,4,10,5,14,404.0,519.0,724.0,659.1428571428571,548.6666666666666,1,0.8660254037844387,-0.4999999999999998,54
2021-04-11,739.0,4,11,6,14,574.0,747.0,872.0,667.0,543.6666666666666,1,0.8660254037844387,-0.4999999999999998,55
2021-04-12,486.0,4,12,0,15,739.0,1303.0,391.0,665.8571428571429,539.2333333333333,0,0.8660254037844387,-0.4999999999999998,56
2021-04-13,505.0,4,13,1,15,486.0,706.0,435.0,549.1428571428571,542.4,0,0.8660254037844387,-0.4999999999999998,57
2021-04-14,369.0,4,14,2,15,505.0,489.0,432.0,520.4285714285714,544.7333333333333,0,0.8660254037844387,-0.4999999999999998,58
2021-04-15,430.0,4,15,3,15,369.0,446.0,493.0,503.2857142857143,542.6333333333333,0,0.8660254037844387,-0.4999999999999998,59
2021-04-16,542.0,4,16,4,15,430.0,404.0,638.0,501.0,540.5333333333333,0,0.8660254037844387,-0.4999999999999998,60
2021-04-17,641.0,4,17,5,15,542.0,574.0,864.0,520.7142857142857,537.3333333333334,1,0.8660254037844387,-0.4999999999999998,61
2021-04-18,998.0,4,18,6,15,641.0,739.0,410.0,530.2857142857143,529.9,1,0.8660254037844387,-0.4999999999999998,62
2021-04-19,429.0,4,19,0,16,998.0,486.0,473.0,567.2857142857143,549.5,0,0.8660254037844387,-0.4999999999999998,63
2021-04-20,572.0,4,20,1,16,429.0,505.0,313.0,559.1428571428571,548.0333333333333,0,0.8660254037844387,-0.4999999999999998,64
2021-04-21,420.0,4,21,2,16,572.0,369.0,393.0,568.7142857142857,556.6666666666666,0,0.8660254037844387,-0.4999999999999998,65
2021-04-22,600.0,4,22,3,16,420.0,430.0,624.0,576.0,557.5666666666667,0,0.8660254037844387,-0.4999999999999998,66
2021-04-23,510.0,4,23,4,16,600.0,542.0,759.0,600.2857142857143,556.7666666666667,0,0.8660254037844387,-0.4999999999999998,67
2021-04-24,709.0,4,24,5,16,510.0,641.0,397.0,595.7142857142857,548.4666666666667,1,0.8660254037844387,-0.4999999999999998,68
2021-04-25,964.0,4,25,6,16,709.0,998.0,346.0,605.4285714285714,558.8666666666667,1,0.8660254037844387,-0.4999999999999998,69
2021-04-26,430.0,4,26,0,17,964.0,429.0,404.0,600.5714285714286,579.4666666666667,0,0.8660254037844387,-0.4999999999999998,70
2021-04-27,381.0,4,27,1,17,430.0,572.0,461.0,600.7142857142857,580.3333333333334,0,0.8660254037844387,-0.4999999999999998,71
2021-04-28,399.0,4,28,2,17,381.0,420.0,468.0,573.4285714285714,577.6666666666666,0,0.8660254037844387,-0.4999999999999998,72
2021-04-29,430.0,4,29,3,17,399.0,600.0,727.0,570.4285714285714,575.3666666666667,0,0.8660254037844387,-0.4999999999999998,73
2021-04-30,446.0,4,30,4,17,430.0,510.0,390.0,546.1428571428571,565.4666666666667,0,0.8660254037844387,-0.4999999999999998,74
2021-05-01,671.0,5,1,5,17,446.0,709.0,466.0,537.0,567.3333333333334,1,0.49999999999999994,-0.8660254037844387,75
2021-05-02,868.0,5,2,6,17,671.0,964.0,366.0,531.5714285714286,574.1666666666666,1,0.49999999999999994,-0.8660254037844387,76
2021-05-03,489.0,5,3,0,18,868.0,430.0,519.0,517.8571428571429,590.9,0,0.49999999999999994,-0.8660254037844387,77
2021-05-04,433.0,5,4,1,18,489.0,381.0,747.0,526.2857142857143,589.9,0,0.49999999999999994,-0.8660254037844387,78
2021-05-05,503.0,5,5,2,18,433.0,399.0,1303.0,533.7142857142857,579.4333333333333,0,0.49999999999999994,-0.8660254037844387,79
2021-05-06,428.0,5,6,3,18,503.0,430.0,706.0,548.5714285714286,552.7666666666667,0,0.49999999999999994,-0.8660254037844387,80
2021-05-07,520.0,5,7,4,18,428.0,446.0,489.0,548.2857142857143,543.5,0,0.49999999999999994,-0.8660254037844387,81
2021-05-08,806.0,5,8,5,18,520.0,671.0,446.0,558.8571428571429,544.5333333333333,1,0.49999999999999994,-0.8660254037844387,82
2021-05-09,1005.0,5,9,6,18,806.0,868.0,404.0,578.1428571428571,556.5333333333333,1,0.49999999999999994,-0.8660254037844387,83
2021-05-10,463.0,5,10,0,19,1005.0,489.0,574.0,597.7142857142857,576.5666666666667,0,0.49999999999999994,-0.8660254037844387,84
2021-05-11,448.0,5,11,1,19,463.0,433.0,739.0,594.0,572.8666666666667,0,0.49999999999999994,-0.8660254037844387,85
2021-05-12,645.0,5,12,2,19,448.0,503.0,486.0,596.1428571428571,563.1666666666666,0,0.49999999999999994,-0.8660254037844387,86
2021-05-13,1053.0,5,13,3,19,645.0,428.0,505.0,616.4285714285714,568.4666666666667,0,0.49999999999999994,-0.8660254037844387,87
2021-05-14,1201.0,5,14,4,19,1053.0,520.0,369.0,705.7142857142857,586.7333333333333,0,0.49999999999999994,-0.8660254037844387,88
2021-05-15,1304.0,5,15,5,19,1201.0,806.0,430.0,803.0,614.4666666666667,1,0.49999999999999994,-0.8660254037844387,89
2021-05-16,1405.0,5,16,6,19,1304.0,1005.0,542.0,874.1428571428571,643.6,1,0.49999999999999994,-0.8660254037844387,90
2021-05-21,363.0,5,21,4,20,1405.0,463.0,641.0,931.2857142857143,672.3666666666667,0,0.49999999999999994,-0.8660254037844387,91
2021-05-22,803.0,5,22,5,20,363.0,448.0,998.0,917.0,663.1,1,0.49999999999999994,-0.8660254037844387,92
2021-05-23,1272.0,5,23,6,20,803.0,645.0,429.0,967.7142857142857,656.6,1,0.49999999999999994,-0.8660254037844387,93
2021-05-24,1003.0,5,24,0,21,1272.0,1053.0,572.0,1057.2857142857142,684.7,0,0.49999999999999994,-0.8660254037844387,94
2021-05-25,486.0,5,25,1,21,1003.0,1201.0,420.0,1050.142857142857,699.0666666666667,0,0.49999999999999994,-0.8660254037844387,95
2021-05-26,337.0,5,26,2,21,486.0,1304.0,600.0,948.0,701.2666666666667,0,0.49999999999999994,-0.8660254037844387,96
2021-05-27,412.0,5,27,3,21,337.0,1405.0,510.0,809.8571428571429,692.5,0,0.49999999999999994,-0.8660254037844387,97
2021-05-28,475.0,5,28,4,21,412.0,363.0,709.0,668.0,689.2333333333333,0,0.49999999999999994,-0.8660254037844387,98
2021-05-29,686.0,5,29,5,21,475.0,803.0,964.0,684.0,681.4333333333333,1,0.49999999999999994,-0.8660254037844387,99
2021-05-30,966.0,5,30,6,21,686.0,1272.0,430.0,667.2857142857143,672.1666666666666,1,0.49999999999999994,-0.8660254037844387,100
2021-05-31,424.0,5,31,0,22,966.0,1003.0,381.0,623.5714285714286,690.0333333333333,0,0.49999999999999994,-0.8660254037844387,101
2021-06-01,414.0,6,1,1,22,424.0,486.0,399.0,540.8571428571429,691.4666666666667,0,1.2246467991473532e-16,-1.0,102
2021-06-02,356.0,6,2,2,22,414.0,337.0,430.0,530.5714285714286,691.9666666666667,0,1.2246467991473532e-16,-1.0,103
2021-06-03,361.0,6,3,3,22,356.0,412.0,446.0,533.2857142857143,689.5,0,1.2246467991473532e-16,-1.0,104
2021-06-04,525.0,6,4,4,22,361.0,475.0,671.0,526.0,686.6666666666666,0,1.2246467991473532e-16,-1.0,105
2021-06-05,663.0,6,5,5,22,525.0,686.0,868.0,533.1428571428571,681.8,1,1.2246467991473532e-16,-1.0,106
2021-06-06,999.0,6,6,6,22,663.0,966.0,489.0,529.8571428571429,674.9666666666667,1,1.2246467991473532e-16,-1.0,107
2021-06-07,415.0,6,7,0,23,999.0,424.0,433.0,534.5714285714286,691.9666666666667,0,1.2246467991473532e-16,-1.0,108
2021-06-08,459.0,6,8,1,23,415.0,414.0,503.0,533.2857142857143,691.3666666666667,0,1.2246467991473532e-16,-1.0,109
2021-06-09,402.0,6,9,2,23,459.0,356.0,428.0,539.7142857142857,689.9,0,1.2246467991473532e-16,-1.0,110
2021-06-10,397.0,6,10,3,23,402.0,361.0,520.0,546.2857142857143,689.0333333333333,0,1.2246467991473532e-16,-1.0,111
2021-06-11,462.0,6,11,4,23,397.0,525.0,806.0,551.4285714285714,684.9333333333333,0,1.2246467991473532e-16,-1.0,112
2021-06-12,642.0,6,12,5,23,462.0,663.0,1005.0,542.4285714285714,673.4666666666667,1,1.2246467991473532e-16,-1.0,113
2021-06-13,1063.0,6,13,6,23,642.0,999.0,463.0,539.4285714285714,661.3666666666667,1,1.2246467991473532e-16,-1.0,114
2021-06-14,480.0,6,14,0,24,1063.0,415.0,448.0,548.5714285714286,681.3666666666667,0,1.2246467991473532e-16,-1.0,115
2021-06-15,451.0,6,15,1,24,480.0,459.0,645.0,557.8571428571429,682.4333333333333,0,1.2246467991473532e-16,-1.0,116
2021-06-16,434.0,6,16,2,24,451.0,402.0,1053.0,556.7142857142857,675.9666666666667,0,1.2246467991473532e-16,-1.0,117
2021-06-17,378.0,6,17,3,24,434.0,397.0,1201.0,561.2857142857143,655.3333333333334,0,1.2246467991473532e-16,-1.0,118
2021-06-18,438.0,6,18,4,24,378.0,462.0,1304.0,558.5714285714286,627.9,0,1.2246467991473532e-16,-1.0,119
2021-06-19,654.0,6,19,5,24,438.0,642.0,1405.0,555.1428571428571,599.0333333333333,1,1.2246467991473532e-16,-1.0,120
2021-06-20,1004.0,6,20,6,24,654.0,1063.0,363.0,556.8571428571429,574.0,1,1.2246467991473532e-16,-1.0,121
2021-06-21,501.0,6,21,0,25,1004.0,480.0,803.0,548.4285714285714,595.3666666666667,0,1.2246467991473532e-16,-1.0,122
2021-06-22,445.0,6,22,1,25,501.0,451.0,1272.0,551.4285714285714,585.3,0,1.2246467991473532e-16,-1.0,123
2021-06-23,386.0,6,23,2,25,445.0,434.0,1003.0,550.5714285714286,557.7333333333333,0,1.2246467991473532e-16,-1.0,124
2021-06-24,513.0,6,24,3,25,386.0,378.0,486.0,543.7142857142857,537.1666666666666,0,1.2246467991473532e-16,-1.0,125
2021-06-25,488.0,6,25,4,25,513.0,438.0,337.0,563.0,538.0666666666667,0,1.2246467991473532e-16,-1.0,126
2021-06-26,663.0,6,26,5,25,488.0,654.0,412.0,570.1428571428571,543.1,1,1.2246467991473532e-16,-1.0,127
2021-06-27,1092.0,6,27,6,25,663.0,1004.0,475.0,571.4285714285714,551.4666666666667,1,1.2246467991473532e-16,-1.0,128
2021-06-28,444.0,6,28,0,26,1092.0,501.0,686.0,584.0,572.0333333333333,0,1.2246467991473532e-16,-1.0,129
2021-06-29,415.0,6,29,1,26,444.0,445.0,966.0,575.8571428571429,563.9666666666667,0,1.2246467991473532e-16,-1.0,130
2021-06-30,425.0,6,30,2,26,415.0,386.0,424.0,571.5714285714286,545.6,0,1.2246467991473532e-16,-1.0,131
2021-07-01,553.0,7,1,3,26,425.0,513.0,414.0,577.1428571428571,545.6333333333333,0,-0.4999999999999997,-0.8660254037844388,132
2021-07-02,455.0,7,2,4,26,553.0,488.0,356.0,582.8571428571429,550.2666666666667,0,-0.4999999999999997,-0.8660254037844388,133
2021-07-03,759.0,7,3,5,26,455.0,663.0,361.0,578.1428571428571,553.5666666666667,1,-0.4999999999999997,-0.8660254037844388,134
2021-07-04,982.0,7,4,6,26,759.0,1092.0,525.0,591.8571428571429,566.8333333333334,1,-0.4999999999999997,-0.8660254037844388,135
2021-07-05,582.0,7,5,0,27,982.0,444.0,663.0,576.1428571428571,582.0666666666667,0,-0.4999999999999997,-0.8660254037844388,136
2021-07-06,556.0,7,6,1,27,582.0,415.0,999.0,595.8571428571429,579.3666666666667,0,-0.4999999999999997,-0.8660254037844388,137
2021-07-07,564.0,7,7,2,27,556.0,425.0,415.0,616.0,564.6,0,-0.4999999999999997,-0.8660254037844388,138
2021-07-08,605.0,7,8,3,27,564.0,553.0,459.0,635.8571428571429,569.5666666666667,0,-0.4999999999999997,-0.8660254037844388,139
2021-07-09,699.0,7,9,4,27,605.0,455.0,402.0,643.2857142857143,574.4333333333333,0,-0.4999999999999997,-0.8660254037844388,140
2021-07-10,956.0,7,10,5,27,699.0,759.0,397.0,678.1428571428571,584.3333333333334,1,-0.4999999999999997,-0.8660254037844388,141
2021-07-11,1367.0,7,11,6,27,956.0,982.0,462.0,706.2857142857143,602.9666666666667,1,-0.4999999999999997,-0.8660254037844388,142
2021-07-12,953.0,7,12,0,28,1367.0,582.0,642.0,761.2857142857143,633.1333333333333,0,-0.4999999999999997,-0.8660254037844388,143
2021-07-13,841.0,7,13,1,28,953.0,556.0,1063.0,814.2857142857143,643.5,0,-0.4999999999999997,-0.8660254037844388,144
2021-07-14,1145.0,7,14,2,28,841.0,564.0,480.0,855.0,636.1,0,-0.4999999999999997,-0.8660254037844388,145
2021-07-15,976.0,7,15,3,28,1145.0,605.0,451.0,938.0,658.2666666666667,0,-0.4999999999999997,-0.8660254037844388,146
2021-07-16,890.0,7,16,4,28,976.0,699.0,434.0,991.0,675.7666666666667,0,-0.4999999999999997,-0.8660254037844388,147
2021-07-17,1250.0,7,17,5,28,890.0,956.0,378.0,1018.2857142857143,690.9666666666667,1,-0.4999999999999997,-0.8660254037844388,148
2021-07-18,1243.0,7,18,6,28,1250.0,1367.0,438.0,1060.2857142857142,720.0333333333333,1,-0.4999999999999997,-0.8660254037844388,149
2021-07-19,982.0,7,19,0,29,1243.0,953.0,654.0,1042.5714285714287,746.8666666666667,0,-0.4999999999999997,-0.8660254037844388,150
2021-07-20,928.0,7,20,1,29,982.0,841.0,1004.0,1046.7142857142858,757.8,0,-0.4999999999999997,-0.8660254037844388,151
2021-07-21,873.0,7,21,2,29,928.0,1145.0,501.0,1059.142857142857,755.2666666666667,0,-0.4999999999999997,-0.8660254037844388,152
2021-07-22,898.0,7,22,3,29,873.0,976.0,445.0,1020.2857142857143,767.6666666666666,0,-0.4999999999999997,-0.8660254037844388,153
2021-07-23,947.0,7,23,4,29,898.0,890.0,386.0,1009.1428571428571,782.7666666666667,0,-0.4999999999999997,-0.8660254037844388,154
2021-07-24,1191.0,7,24,5,29,947.0,1250.0,513.0,1017.2857142857143,801.4666666666667,1,-0.4999999999999997,-0.8660254037844388,155
2021-07-25,1387.0,7,25,6,29,1191.0,1243.0,488.0,1008.8571428571429,824.0666666666667,1,-0.4999999999999997,-0.8660254037844388,156
2021-07-26,1003.0,7,26,0,30,1387.0,982.0,663.0,1029.4285714285713,854.0333333333333,0,-0.4999999999999997,-0.8660254037844388,157
2021-07-27,877.0,7,27,1,30,1003.0,928.0,1092.0,1032.4285714285713,865.3666666666667,0,-0.4999999999999997,-0.8660254037844388,158
2021-07-28,926.0,7,28,2,30,877.0,873.0,444.0,1025.142857142857,858.2,0,-0.4999999999999997,-0.8660254037844388,159
2021-07-29,887.0,7,29,3,30,926.0,898.0,415.0,1032.7142857142858,874.2666666666667,0,-0.4999999999999997,-0.8660254037844388,160
2021-07-30,962.0,7,30,4,30,887.0,947.0,425.0,1031.142857142857,890.0,0,-0.4999999999999997,-0.8660254037844388,161
2021-07-31,1100.0,7,31,5,30,962.0,1191.0,553.0,1033.2857142857142,907.9,1,-0.4999999999999997,-0.8660254037844388,162
2021-08-01,1330.0,8,1,6,30,1100.0,1387.0,455.0,1020.2857142857143,926.1333333333333,1,-0.8660254037844385,-0.5000000000000004,163
2021-08-02,1048.0,8,2,0,31,1330.0,1003.0,759.0,1012.1428571428571,955.3,0,-0.8660254037844385,-0.5000000000000004,164
2021-08-03,1166.0,8,3,1,31,1048.0,877.0,982.0,1018.5714285714286,964.9333333333333,0,-0.8660254037844385,-0.5000000000000004,165
2021-08-04,909.0,8,4,2,31,1166.0,926.0,582.0,1059.857142857143,971.0666666666667,0,-0.8660254037844385,-0.5000000000000004,166
2021-08-05,1003.0,8,5,3,31,909.0,887.0,556.0,1057.4285714285713,981.9666666666667,0,-0.8660254037844385,-0.5000000000000004,167
2021-08-06,949.0,8,6,4,31,1003.0,962.0,564.0,1074.0,996.8666666666667,0,-0.8660254037844385,-0.5000000000000004,168
2021-08-07,1187.0,8,7,5,31,949.0,1100.0,605.0,1072.142857142857,1009.7,1,-0.8660254037844385,-0.5000000000000004,169
2021-08-08,1490.0,8,8,6,31,1187.0,1330.0,699.0,1084.5714285714287,1029.1,1,-0.8660254037844385,-0.5000000000000004,170
2021-08-09,1218.0,8,9,0,32,1490.0,1048.0,956.0,1107.4285714285713,1055.4666666666667,0,-0.8660254037844385,-0.5000000000000004,171
2021-08-10,1051.0,8,10,1,32,1218.0,1166.0,1367.0,1131.7142857142858,1064.2,0,-0.8660254037844385,-0.5000000000000004,172
2021-08-11,1181.0,8,11,2,32,1051.0,909.0,953.0,1115.2857142857142,1053.6666666666667,0,-0.8660254037844385,-0.5000000000000004,173
2021-08-12,1280.0,8,12,3,32,1181.0,1003.0,841.0,1154.142857142857,1061.2666666666667,0,-0.8660254037844385,-0.5000000000000004,174
2021-08-13,1028.0,8,13,4,32,1280.0,949.0,1145.0,1193.7142857142858,1075.9,0,-0.8660254037844385,-0.5000000000000004,175
2021-08-14,1350.0,8,14,5,32,1028.0,1187.0,976.0,1205.0,1072.0,1,-0.8660254037844385,-0.5000000000000004,176
2021-08-15,1725.0,8,15,6,32,1350.0,1490.0,890.0,1228.2857142857142,1084.4666666666667,1,-0.8660254037844385,-0.5000000000000004,177
2021-08-16,1160.0,8,16,0,33,1725.0,1218.0,1250.0,1261.857142857143,1112.3,0,-0.8660254037844385,-0.5000000000000004,178
2021-08-17,917.0,8,17,1,33,1160.0,1051.0,1243.0,1253.5714285714287,1109.3,0,-0.8660254037844385,-0.5000000000000004,179
2021-08-18,1090.0,8,18,2,33,917.0,1181.0,982.0,1234.4285714285713,1098.4333333333334,0,-0.8660254037844385,-0.5000000000000004,180
2021-08-19,1047.0,8,19,3,33,1090.0,1280.0,928.0,1221.4285714285713,1102.0333333333333,0,-0.8660254037844385,-0.5000000000000004,181
2021-08-20,885.0,8,20,4,33,1047.0,1028.0,873.0,1188.142857142857,1106.0,0,-0.8660254037844385,-0.5000000000000004,182
2021-08-21,1255.0,8,21,5,33,885.0,1350.0,898.0,1167.7142857142858,1106.4,1,-0.8660254037844385,-0.5000000000000004,183
2021-08-22,1365.0,8,22,6,33,1255.0,1725.0,947.0,1154.142857142857,1118.3,1,-0.8660254037844385,-0.5000000000000004,184
2021-08-23,916.0,8,23,0,34,1365.0,1160.0,1191.0,1102.7142857142858,1132.2333333333333,0,-0.8660254037844385,-0.5000000000000004,185
2021-08-24,911.0,8,24,1,34,916.0,917.0,1387.0,1067.857142857143,1123.0666666666666,0,-0.8660254037844385,-0.5000000000000004,186
2021-08-25,801.0,8,25,2,34,911.0,1090.0,1003.0,1067.0,1107.2,0,-0.8660254037844385,-0.5000000000000004,187
2021-08-26,960.0,8,26,3,34,801.0,1047.0,877.0,1025.7142857142858,1100.4666666666667,0,-0.8660254037844385,-0.5000000000000004,188
2021-08-27,737.0,8,27,4,34,960.0,885.0,926.0,1013.2857142857143,1103.2333333333333,0,-0.8660254037844385,-0.5000000000000004,189
2021-08-28,965.0,8,28,5,34,737.0,1255.0,887.0,992.1428571428571,1096.9333333333334,1,-0.8660254037844385,-0.5000000000000004,190
2021-08-29,1174.0,8,29,6,34,965.0,1365.0,962.0,950.7142857142857,1099.5333333333333,1,-0.8660254037844385,-0.5000000000000004,191
2021-08-30,673.0,8,30,0,35,1174.0,916.0,1100.0,923.4285714285714,1106.6,0,-0.8660254037844385,-0.5000000000000004,192
2021-08-31,557.0,8,31,1,35,673.0,911.0,1330.0,888.7142857142857,1092.3666666666666,0,-0.8660254037844385,-0.5000000000000004,193
2021-09-01,479.0,9,1,2,35,557.0,801.0,1048.0,838.1428571428571,1066.6,0,-1.0,-1.8369701987210297e-16,194
2021-09-02,501.0,9,2,3,35,479.0,960.0,1166.0,792.1428571428571,1047.6333333333334,0,-1.0,-1.8369701987210297e-16,195
2021-09-03,579.0,9,3,4,35,501.0,737.0,909.0,726.5714285714286,1025.4666666666667,0,-1.0,-1.8369701987210297e-16,196
2021-09-04,796.0,9,4,5,35,579.0,965.0,1003.0,704.0,1014.4666666666667,1,-1.0,-1.8369701987210297e-16,197
2021-09-05,953.0,9,5,6,35,796.0,1174.0,949.0,679.8571428571429,1007.5666666666667,1,-1.0,-1.8369701987210297e-16,198
2021-09-06,482.0,9,6,0,36,953.0,673.0,1187.0,648.2857142857143,1007.7,0,-1.0,-1.8369701987210297e-16,199
2021-09-07,493.0,9,7,1,36,482.0,557.0,1490.0,621.0,984.2,0,-1.0,-1.8369701987210297e-16,200
2021-09-08,478.0,9,8,2,36,493.0,479.0,1218.0,611.8571428571429,950.9666666666667,0,-1.0,-1.8369701987210297e-16,201
2021-09-09,484.0,9,9,3,36,478.0,501.0,1051.0,611.7142857142857,926.3,0,-1.0,-1.8369701987210297e-16,202
2021-09-10,472.0,9,10,4,36,484.0,579.0,1181.0,609.2857142857143,907.4,0,-1.0,-1.8369701987210297e-16,203
2021-09-11,697.0,9,11,5,36,472.0,796.0,1280.0,594.0,883.7666666666667,1,-1.0,-1.8369701987210297e-16,204
2021-09-12,938.0,9,12,6,36,697.0,953.0,1028.0,579.8571428571429,864.3333333333334,1,-1.0,-1.8369701987210297e-16,205
2021-09-13,500.0,9,13,0,37,938.0,482.0,1350.0,577.7142857142857,861.3333333333334,0,-1.0,-1.8369701987210297e-16,206
2021-09-14,387.0,9,14,1,37,500.0,493.0,1725.0,580.2857142857143,833.0,0,-1.0,-1.8369701987210297e-16,207
2021-09-15,382.0,9,15,2,37,387.0,478.0,1160.0,565.1428571428571,788.4,0,-1.0,-1.8369701987210297e-16,208
2021-09-16,378.0,9,16,3,37,382.0,484.0,917.0,551.4285714285714,762.4666666666667,0,-1.0,-1.8369701987210297e-16,209
2021-09-17,392.0,9,17,4,37,378.0,472.0,1090.0,536.2857142857143,744.5,0,-1.0,-1.8369701987210297e-16,210
2021-09-18,638.0,9,18,5,37,392.0,697.0,1047.0,524.8571428571429,721.2333333333333,1,-1.0,-1.8369701987210297e-16,211
2021-09-19,729.0,9,19,6,37,638.0,938.0,885.0,516.4285714285714,707.6,1,-1.0,-1.8369701987210297e-16,212
2021-09-20,474.0,9,20,0,38,729.0,500.0,1255.0,486.57142857142856,702.4,0,-1.0,-1.8369701987210297e-16,213
2021-09-21,440.0,9,21,1,38,474.0,387.0,1365.0,482.85714285714283,676.3666666666667,0,-1.0,-1.8369701987210297e-16,214
2021-09-22,74.0,9,22,2,38,440.0,382.0,916.0,490.42857142857144,645.5333333333333,0,-1.0,-1.8369701987210297e-16,215
2021-09-23,372.0,9,23,3,38,74.0,378.0,911.0,446.42857142857144,617.4666666666667,0,-1.0,-1.8369701987210297e-16,216
2021-09-24,451.0,9,24,4,38,372.0,392.0,801.0,445.57142857142856,599.5,0,-1.0,-1.8369701987210297e-16,217
2021-09-25,666.0,9,25,5,38,451.0,638.0,960.0,454.0,587.8333333333334,1,-1.0,-1.8369701987210297e-16,218
2021-09-26,750.0,9,26,6,38,666.0,729.0,737.0,458.0,578.0333333333333,1,-1.0,-1.8369701987210297e-16,219
2021-09-27,317.0,9,27,0,39,750.0,474.0,965.0,461.0,578.4666666666667,0,-1.0,-1.8369701987210297e-16,220
2021-09-28,323.0,9,28,1,39,317.0,440.0,1174.0,438.57142857142856,556.8666666666667,0,-1.0,-1.8369701987210297e-16,221
2021-09-29,325.0,9,29,2,39,323.0,74.0,673.0,421.85714285714283,528.5,0,-1.0,-1.8369701987210297e-16,222
2021-09-30,326.0,9,30,3,39,325.0,372.0,557.0,457.7142857142857,516.9,0,-1.0,-1.8369701987210297e-16,223
2021-10-01,385.0,10,1,4,39,326.0,451.0,479.0,451.14285714285717,509.2,0,-0.8660254037844386,0.5000000000000001,224
2021-10-02,464.0,10,2,5,39,385.0,666.0,501.0,441.7142857142857,506.06666666666666,1,-0.8660254037844386,0.5000000000000001,225
2021-10-03,637.0,10,3,6,39,464.0,750.0,579.0,412.85714285714283,504.8333333333333,1,-0.8660254037844386,0.5000000000000001,226
2021-10-04,360.0,10,4,0,40,637.0,317.0,796.0,396.7142857142857,506.76666666666665,0,-0.8660254037844386,0.5000000000000001,227
2021-10-05,314.0,10,5,1,40,360.0,323.0,953.0,402.85714285714283,492.23333333333335,0,-0.8660254037844386,0.5000000000000001,228
2021-10-06,342.0,10,6,2,40,314.0,325.0,482.0,401.57142857142856,470.93333333333334,0,-0.8660254037844386,0.5000000000000001,229
2021-10-07,415.0,10,7,3,40,342.0,326.0,493.0,404.0,466.26666666666665,0,-0.8660254037844386,0.5000000000000001,230
2021-10-08,469.0,10,8,4,40,415.0,385.0,478.0,416.7142857142857,463.6666666666667,0,-0.8660254037844386,0.5000000000000001,231
2021-10-09,585.0,10,9,5,40,469.0,464.0,484.0,428.7142857142857,463.3666666666667,1,-0.8660254037844386,0.5000000000000001,232
2021-10-10,770.0,10,10,6,40,585.0,637.0,472.0,446.0,466.73333333333335,1,-0.8660254037844386,0.5000000000000001,233
2021-10-11,318.0,10,11,0,41,770.0,360.0,697.0,465.0,476.6666666666667,0,-0.8660254037844386,0.5000000000000001,234
2021-10-12,241.0,10,12,1,41,318.0,314.0,938.0,459.0,464.03333333333336,0,-0.8660254037844386,0.5000000000000001,235
2021-10-13,288.0,10,13,2,41,241.0,342.0,500.0,448.57142857142856,440.8,0,-0.8660254037844386,0.5000000000000001,236
2021-10-14,299.0,10,14,3,41,288.0,415.0,387.0,440.85714285714283,433.73333333333335,0,-0.8660254037844386,0.5000000000000001,237
2021-10-15,303.0,10,15,4,41,299.0,469.0,382.0,424.2857142857143,430.8,0,-0.8660254037844386,0.5000000000000001,238
2021-10-16,508.0,10,16,5,41,303.0,585.0,378.0,400.57142857142856,428.1666666666667,1,-0.8660254037844386,0.5000000000000001,239
2021-10-17,691.0,10,17,6,41,508.0,770.0,392.0,389.57142857142856,432.5,1,-0.8660254037844386,0.5000000000000001,240
2021-10-18,289.0,10,18,0,42,691.0,318.0,638.0,378.2857142857143,442.46666666666664,0,-0.8660254037844386,0.5000000000000001,241
2021-10-19,366.0,10,19,1,42,289.0,241.0,729.0,374.14285714285717,430.8333333333333,0,-0.8660254037844386,0.5000000000000001,242
2021-10-20,315.0,10,20,2,42,366.0,288.0,474.0,392.0,418.73333333333335,0,-0.8660254037844386,0.5000000000000001,243
2021-10-21,378.0,10,21,3,42,315.0,299.0,440.0,395.85714285714283,413.43333333333334,0,-0.8660254037844386,0.5000000000000001,244
2021-10-22,379.0,10,22,4,42,378.0,303.0,74.0,407.14285714285717,411.3666666666667,0,-0.8660254037844386,0.5000000000000001,245
2021-10-23,616.0,10,23,5,42,379.0,508.0,372.0,418.0,421.53333333333336,1,-0.8660254037844386,0.5000000000000001,246
2021-10-24,835.0,10,24,6,42,616.0,691.0,451.0,433.42857142857144,429.6666666666667,1,-0.8660254037844386,0.5000000000000001,247
2021-10-25,459.0,10,25,0,43,835.0,289.0,666.0,454.0,442.46666666666664,0,-0.8660254037844386,0.5000000000000001,248
2021-10-26,532.0,10,26,1,43,459.0,366.0,750.0,478.2857142857143,435.56666666666666,0,-0.8660254037844386,0.5000000000000001,249
2021-10-27,517.0,10,27,2,43,532.0,315.0,317.0,502.0,428.3,0,-0.8660254037844386,0.5000000000000001,250
2021-10-28,510.0,10,28,3,43,517.0,378.0,323.0,530.8571428571429,434.96666666666664,0,-0.8660254037844386,0.5000000000000001,251
2021-10-29,550.0,10,29,4,43,510.0,379.0,325.0,549.7142857142857,441.2,0,-0.8660254037844386,0.5000000000000001,252
2021-10-30,770.0,10,30,5,43,550.0,616.0,326.0,574.1428571428571,448.7,1,-0.8660254037844386,0.5000000000000001,253
2021-10-31,1066.0,10,31,6,43,770.0,835.0,385.0,596.1428571428571,463.5,1,-0.8660254037844386,0.5000000000000001,254
2021-11-01,932.0,11,1,0,44,1066.0,459.0,464.0,629.1428571428571,486.2,0,-0.5000000000000004,0.8660254037844384,255
2021-11-02,529.0,11,2,1,44,932.0,532.0,637.0,696.7142857142857,501.8,0,-0.5000000000000004,0.8660254037844384,256
2021-11-03,522.0,11,3,2,44,529.0,517.0,360.0,696.2857142857143,498.2,0,-0.5000000000000004,0.8660254037844384,257
2021-11-04,471.0,11,4,3,44,522.0,510.0,314.0,697.0,503.6,0,-0.5000000000000004,0.8660254037844384,258
2021-11-05,496.0,11,5,4,44,471.0,550.0,342.0,691.4285714285714,508.8333333333333,0,-0.5000000000000004,0.8660254037844384,259
2021-11-06,570.0,11,6,5,44,496.0,770.0,415.0,683.7142857142857,513.9666666666667,1,-0.5000000000000004,0.8660254037844384,260
2021-11-07,563.0,11,7,6,44,570.0,1066.0,469.0,655.1428571428571,519.1333333333333,1,-0.5000000000000004,0.8660254037844384,261
2021-11-08,379.0,11,8,0,45,563.0,932.0,585.0,583.2857142857143,522.2666666666667,0,-0.5000000000000004,0.8660254037844384,262
2021-11-09,346.0,11,9,1,45,379.0,529.0,770.0,504.2857142857143,515.4,0,-0.5000000000000004,0.8660254037844384,263
2021-11-10,358.0,11,10,2,45,346.0,522.0,318.0,478.14285714285717,501.26666666666665,0,-0.5000000000000004,0.8660254037844384,264
2021-11-11,518.0,11,11,3,45,358.0,471.0,241.0,454.7142857142857,502.6,0,-0.5000000000000004,0.8660254037844384,265
2021-11-12,332.0,11,12,4,45,518.0,496.0,288.0,461.42857142857144,511.8333333333333,0,-0.5000000000000004,0.8660254037844384,266
2021-11-13,419.0,11,13,5,45,332.0,570.0,299.0,438.0,513.3,1,-0.5000000000000004,0.8660254037844384,267
2021-11-14,630.0,11,14,6,45,419.0,563.0,303.0,416.42857142857144,517.3,1,-0.5000000000000004,0.8660254037844384,268
2021-11-15,283.0,11,15,0,46,630.0,379.0,508.0,426.0,528.2,0,-0.5000000000000004,0.8660254037844384,269
2021-11-16,253.0,11,16,1,46,283.0,346.0,691.0,412.2857142857143,520.7,0,-0.5000000000000004,0.8660254037844384,270
2021-11-18,284.0,11,18,3,46,253.0,358.0,289.0,399.0,506.1,0,-0.5000000000000004,0.8660254037844384,271
2021-11-19,326.0,11,19,4,46,284.0,518.0,366.0,388.42857142857144,505.93333333333334,0,-0.5000000000000004,0.8660254037844384,272
2021-11-20,398.0,11,20,5,46,326.0,332.0,315.0,361.0,504.6,1,-0.5000000000000004,0.8660254037844384,273
2021-11-21,524.0,11,21,6,46,398.0,419.0,378.0,370.42857142857144,507.3666666666667,1,-0.5000000000000004,0.8660254037844384,274
2021-11-22,261.0,11,22,0,47,524.0,630.0,379.0,385.42857142857144,512.2333333333333,0,-0.5000000000000004,0.8660254037844384,275
2021-11-23,267.0,11,23,1,47,261.0,283.0,616.0,332.7142857142857,508.3,0,-0.5000000000000004,0.8660254037844384,276
2021-11-25,310.0,11,25,3,47,267.0,253.0,835.0,330.42857142857144,496.6666666666667,0,-0.5000000000000004,0.8660254037844384,277
2021-11-26,263.0,11,26,4,47,310.0,284.0,459.0,338.57142857142856,479.1666666666667,0,-0.5000000000000004,0.8660254037844384,278
2021-11-27,360.0,11,27,5,47,263.0,326.0,532.0,335.57142857142856,472.6333333333333,1,-0.5000000000000004,0.8660254037844384,279
2021-11-28,587.0,11,28,6,47,360.0,398.0,517.0,340.42857142857144,466.9,1,-0.5000000000000004,0.8660254037844384,280
2021-11-29,280.0,11,29,0,48,587.0,524.0,510.0,367.42857142857144,469.23333333333335,0,-0.5000000000000004,0.8660254037844384,281
2021-11-30,312.0,11,30,1,48,280.0,261.0,550.0,332.57142857142856,461.56666666666666,0,-0.5000000000000004,0.8660254037844384,282
2021-12-02,240.0,12,2,3,48,312.0,267.0,770.0,339.85714285714283,453.6333333333333,0,-2.4492935982947064e-16,1.0,283
2021-12-03,289.0,12,3,4,48,240.0,310.0,1066.0,336.0,435.96666666666664,0,-2.4492935982947064e-16,1.0,284
2021-12-04,318.0,12,4,5,48,289.0,263.0,932.0,333.0,410.06666666666666,1,-2.4492935982947064e-16,1.0,285
2021-12-05,581.0,12,5,6,48,318.0,360.0,529.0,340.85714285714283,389.6,1,-2.4492935982947064e-16,1.0,286
2021-12-09,244.0,12,9,3,49,581.0,587.0,522.0,372.42857142857144,391.3333333333333,0,-2.4492935982947064e-16,1.0,287
2021-12-10,270.0,12,10,4,49,244.0,280.0,471.0,323.42857142857144,382.06666666666666,0,-2.4492935982947064e-16,1.0,288
2021-12-11,366.0,12,11,5,49,270.0,312.0,496.0,322.0,375.3666666666667,1,-2.4492935982947064e-16,1.0,289
2021-12-12,556.0,12,12,6,49,366.0,240.0,570.0,329.7142857142857,371.03333333333336,1,-2.4492935982947064e-16,1.0,290
2021-12-13,289.0,12,13,0,50,556.0,289.0,563.0,374.85714285714283,370.56666666666666,0,-2.4492935982947064e-16,1.0,291
2021-12-14,288.0,12,14,1,50,289.0,318.0,379.0,374.85714285714283,361.43333333333334,0,-2.4492935982947064e-16,1.0,292
2021-12-16,309.0,12,16,3,50,288.0,581.0,346.0,370.57142857142856,358.4,0,-2.4492935982947064e-16,1.0,293
2021-12-17,399.0,12,17,4,50,309.0,244.0,358.0,331.7142857142857,357.1666666666667,0,-2.4492935982947064e-16,1.0,294
2021-12-18,414.0,12,18,5,50,399.0,270.0,518.0,353.85714285714283,358.53333333333336,1,-2.4492935982947064e-16,1.0,295
2021-12-19,594.0,12,19,6,50,414.0,366.0,332.0,374.42857142857144,355.06666666666666,1,-2.4492935982947064e-16,1.0,296
2021-12-20,392.0,12,20,0,51,594.0,556.0,419.0,407.0,363.8,0,-2.4492935982947064e-16,1.0,297
2021-12-21,433.0,12,21,1,51,392.0,289.0,630.0,383.57142857142856,362.9,0,-2.4492935982947064e-16,1.0,298
2021-12-22,370.0,12,22,2,51,433.0,288.0,283.0,404.14285714285717,356.3333333333333,0,-2.4492935982947064e-16,1.0,299
2021-12-23,450.0,12,23,3,51,370.0,309.0,253.0,415.85714285714283,359.23333333333335,0,-2.4492935982947064e-16,1.0,300
2021-12-24,1042.0,12,24,4,51,450.0,399.0,284.0,436.0,365.8,0,-2.4492935982947064e-16,1.0,301
2021-12-25,656.0,12,25,5,51,1042.0,414.0,326.0,527.8571428571429,391.06666666666666,1,-2.4492935982947064e-16,1.0,302
2021-12-26,735.0,12,26,6,51,656.0,594.0,398.0,562.4285714285714,402.06666666666666,1,-2.4492935982947064e-16,1.0,303
2021-12-27,506.0,12,27,0,52,735.0,392.0,524.0,582.5714285714286,413.3,0,-2.4492935982947064e-16,1.0,304
2021-12-28,524.0,12,28,1,52,506.0,433.0,261.0,598.8571428571429,412.7,0,-2.4492935982947064e-16,1.0,305
2021-12-29,458.0,12,29,2,52,524.0,370.0,267.0,611.8571428571429,421.46666666666664,0,-2.4492935982947064e-16,1.0,306
2021-12-30,492.0,12,30,3,52,458.0,450.0,310.0,624.4285714285714,427.8333333333333,0,-2.4492935982947064e-16,1.0,307
2021-12-31,923.0,12,31,4,52,492.0,1042.0,263.0,630.4285714285714,433.9,0,-2.4492935982947064e-16,1.0,308
2022-01-02,879.0,1,2,6,52,923.0,656.0,360.0,613.4285714285714,455.9,1,0.49999999999999994,0.8660254037844387,309
2022-01-03,357.0,1,3,0,1,879.0,735.0,587.0,645.2857142857143,473.2,0,0.49999999999999994,0.8660254037844387,310
2022-01-04,67.0,1,4,1,1,357.0,506.0,280.0,591.2857142857143,465.53333333333336,0,0.49999999999999994,0.8660254037844387,311
2022-01-06,324.0,1,6,3,1,67.0,524.0,312.0,528.5714285714286,458.43333333333334,0,0.49999999999999994,0.8660254037844387,312
2022-01-07,285.0,1,7,4,1,324.0,458.0,240.0,500.0,458.8333333333333,0,0.49999999999999994,0.8660254037844387,313
2022-01-08,311.0,1,8,5,1,285.0,492.0,289.0,475.2857142857143,460.3333333333333,1,0.49999999999999994,0.8660254037844387,314
2022-01-09,482.0,1,9,6,1,311.0,923.0,318.0,449.42857142857144,461.06666666666666,1,0.49999999999999994,0.8660254037844387,315
2022-01-10,258.0,1,10,0,2,482.0,879.0,581.0,386.42857142857144,466.53333333333336,0,0.49999999999999994,0.8660254037844387,316
2022-01-11,280.0,1,11,1,2,258.0,357.0,244.0,297.7142857142857,455.76666666666665,0,0.49999999999999994,0.8660254037844387,317
2022-01-13,232.0,1,13,3,2,280.0,67.0,270.0,286.7142857142857,456.96666666666664,0,0.49999999999999994,0.8660254037844387,318
2022-01-14,297.0,1,14,4,2,232.0,324.0,366.0,310.2857142857143,455.7,0,0.49999999999999994,0.8660254037844387,319
2022-01-15,313.0,1,15,5,2,297.0,285.0,556.0,306.42857142857144,453.4,1,0.49999999999999994,0.8660254037844387,320
2022-01-16,489.0,1,16,6,2,313.0,311.0,289.0,310.42857142857144,445.3,1,0.49999999999999994,0.8660254037844387,321
2022-01-17,286.0,1,17,0,3,489.0,482.0,288.0,335.85714285714283,451.96666666666664,0,0.49999999999999994,0.8660254037844387,322
2022-01-18,255.0,1,18,1,3,286.0,258.0,309.0,307.85714285714283,451.9,0,0.49999999999999994,0.8660254037844387,323
2022-01-20,303.0,1,20,3,3,255.0,280.0,399.0,307.42857142857144,450.1,0,0.49999999999999994,0.8660254037844387,324
2022-01-21,303.0,1,21,4,3,303.0,232.0,414.0,310.7142857142857,446.9,0,0.49999999999999994,0.8660254037844387,325
2022-01-22,353.0,1,22,5,3,303.0,297.0,594.0,320.85714285714283,443.2,1,0.49999999999999994,0.8660254037844387,326
2022-01-23,544.0,1,23,6,3,353.0,313.0,392.0,328.85714285714283,435.1666666666667,1,0.49999999999999994,0.8660254037844387,327
2022-01-24,266.0,1,24,0,4,544.0,489.0,433.0,361.85714285714283,440.23333333333335,0,0.49999999999999994,0.8660254037844387,328
2022-01-25,283.0,1,25,1,4,266.0,286.0,370.0,330.0,434.6666666666667,0,0.49999999999999994,0.8660254037844387,329
2022-01-27,358.0,1,27,3,4,283.0,255.0,450.0,329.57142857142856,431.76666666666665,0,0.49999999999999994,0.8660254037844387,330
2022-01-28,279.0,1,28,4,4,358.0,303.0,1042.0,344.2857142857143,428.7,0,0.49999999999999994,0.8660254037844387,331
2022-01-29,345.0,1,29,5,4,279.0,303.0,656.0,340.85714285714283,403.26666666666665,1,0.49999999999999994,0.8660254037844387,332
2022-01-30,532.0,1,30,6,4,345.0,353.0,735.0,346.85714285714283,392.9,1,0.49999999999999994,0.8660254037844387,333
2022-01-31,271.0,1,31,0,5,532.0,544.0,506.0,372.42857142857144,386.1333333333333,0,0.49999999999999994,0.8660254037844387,334
2022-02-01,258.0,2,1,1,5,271.0,266.0,524.0,333.42857142857144,378.3,0,0.8660254037844386,0.5000000000000001,335
2022-02-03,294.0,2,3,3,5,258.0,283.0,458.0,332.2857142857143,369.43333333333334,0,0.8660254037844386,0.5000000000000001,336
2022-02-04,270.0,2,4,4,5,294.0,358.0,492.0,333.85714285714283,363.96666666666664,0,0.8660254037844386,0.5000000000000001,337
2022-02-05,350.0,2,5,5,5,270.0,279.0,923.0,321.2857142857143,356.56666666666666,1,0.8660254037844386,0.5000000000000001,338
2022-02-06,603.0,2,6,6,5,350.0,345.0,879.0,331.42857142857144,337.46666666666664,1,0.8660254037844386,0.5000000000000001,339
2022-02-07,329.0,2,7,0,6,603.0,532.0,357.0,368.2857142857143,328.26666666666665,0,0.8660254037844386,0.5000000000000001,340
2022-02-08,356.0,2,8,1,6,329.0,271.0,67.0,339.2857142857143,327.3333333333333,0,0.8660254037844386,0.5000000000000001,341
2022-02-10,356.0,2,10,3,6,356.0,258.0,324.0,351.42857142857144,336.96666666666664,0,0.8660254037844386,0.5000000000000001,342
2022-02-11,345.0,2,11,4,6,356.0,294.0,285.0,365.42857142857144,338.03333333333336,0,0.8660254037844386,0.5000000000000001,343
2022-02-12,456.0,2,12,5,6,345.0,270.0,311.0,372.7142857142857,340.03333333333336,1,0.8660254037844386,0.5000000000000001,344
2022-02-13,704.0,2,13,6,6,456.0,350.0,482.0,399.2857142857143,344.8666666666667,1,0.8660254037844386,0.5000000000000001,345
2022-02-14,412.0,2,14,0,7,704.0,603.0,258.0,449.85714285714283,352.26666666666665,0,0.8660254037844386,0.5000000000000001,346
2022-02-15,536.0,2,15,1,7,412.0,329.0,280.0,422.57142857142856,357.4,0,0.8660254037844386,0.5000000000000001,347
2022-02-17,469.0,2,17,3,7,536.0,356.0,232.0,452.14285714285717,365.93333333333334,0,0.8660254037844386,0.5000000000000001,348
2022-02-18,515.0,2,18,4,7,469.0,356.0,297.0,468.2857142857143,373.8333333333333,0,0.8660254037844386,0.5000000000000001,349
2022-02-19,601.0,2,19,5,7,515.0,345.0,313.0,491.0,381.1,1,0.8660254037844386,0.5000000000000001,350
2022-02-20,858.0,2,20,6,7,601.0,456.0,489.0,527.5714285714286,390.7,1,0.8660254037844386,0.5000000000000001,351
2022-02-21,387.0,2,21,0,8,858.0,704.0,286.0,585.0,403.0,0,0.8660254037844386,0.5000000000000001,352
2022-02-22,419.0,2,22,1,8,387.0,412.0,255.0,539.7142857142857,406.3666666666667,0,0.8660254037844386,0.5000000000000001,353
2022-02-24,487.0,2,24,3,8,419.0,536.0,303.0,540.7142857142857,411.8333333333333,0,0.8660254037844386,0.5000000000000001,354
2022-02-25,520.0,2,25,4,8,487.0,469.0,303.0,533.7142857142857,417.96666666666664,0,0.8660254037844386,0.5000000000000001,355
2022-02-26,656.0,2,26,5,8,520.0,515.0,353.0,541.0,425.2,1,0.8660254037844386,0.5000000000000001,356
2022-02-27,948.0,2,27,6,8,656.0,601.0,544.0,561.1428571428571,435.3,1,0.8660254037844386,0.5000000000000001,357
2022-02-28,402.0,2,28,0,9,948.0,858.0,266.0,610.7142857142857,448.76666666666665,0,0.8660254037844386,0.5000000000000001,358
2022-03-01,474.0,3,1,1,9,402.0,387.0,283.0,545.5714285714286,453.3,0,1.0,6.123233995736766e-17,359
2022-03-02,355.0,3,2,2,9,474.0,419.0,358.0,558.0,459.6666666666667,0,1.0,6.123233995736766e-17,360
2022-03-03,357.0,3,3,3,9,355.0,487.0,279.0,548.8571428571429,459.56666666666666,0,1.0,6.123233995736766e-17,361
2022-03-04,441.0,3,4,4,9,357.0,520.0,345.0,530.2857142857143,462.1666666666667,0,1.0,6.123233995736766e-17,362
2022-03-05,602.0,3,5,5,9,441.0,656.0,532.0,519.0,465.3666666666667,1,1.0,6.123233995736766e-17,363
2022-03-06,800.0,3,6,6,9,602.0,948.0,271.0,511.2857142857143,467.7,1,1.0,6.123233995736766e-17,364
2022-03-07,400.0,3,7,0,10,800.0,402.0,258.0,490.14285714285717,485.3333333333333,0,1.0,6.123233995736766e-17,365
2022-03-08,331.0,3,8,1,10,400.0,474.0,294.0,489.85714285714283,490.06666666666666,0,1.0,6.123233995736766e-17,366
2022-03-09,233.0,3,9,2,10,331.0,355.0,270.0,469.42857142857144,491.3,0,1.0,6.123233995736766e-17,367
2022-03-10,248.0,3,10,3,10,233.0,357.0,350.0,452.0,490.06666666666666,0,1.0,6.123233995736766e-17,368
2022-03-11,270.0,3,11,4,10,248.0,441.0,603.0,436.42857142857144,486.6666666666667,0,1.0,6.123233995736766e-17,369
2022-03-12,347.0,3,12,5,10,270.0,602.0,329.0,412.0,475.56666666666666,1,1.0,6.123233995736766e-17,370
2022-03-13,609.0,3,13,6,10,347.0,800.0,356.0,375.57142857142856,476.1666666666667,1,1.0,6.123233995736766e-17,371
2022-03-14,317.0,3,14,0,11,609.0,400.0,356.0,348.2857142857143,484.6,0,1.0,6.123233995736766e-17,372
2022-03-15,291.0,3,15,1,11,317.0,331.0,345.0,336.42857142857144,483.3,0,1.0,6.123233995736766e-17,373
2022-03-16,211.0,3,16,2,11,291.0,233.0,456.0,330.7142857142857,481.5,0,1.0,6.123233995736766e-17,374
2022-03-17,254.0,3,17,3,11,211.0,248.0,704.0,327.57142857142856,473.3333333333333,0,1.0,6.123233995736766e-17,375
2022-03-18,295.0,3,18,4,11,254.0,270.0,412.0,328.42857142857144,458.3333333333333,0,1.0,6.123233995736766e-17,376
2022-03-19,416.0,3,19,5,11,295.0,347.0,536.0,332.0,454.43333333333334,1,1.0,6.123233995736766e-17,377
2022-03-20,693.0,3,20,6,11,416.0,609.0,469.0,341.85714285714283,450.43333333333334,1,1.0,6.123233995736766e-17,378
2022-03-21,353.0,3,21,0,12,693.0,317.0,515.0,353.85714285714283,457.9,0,1.0,6.123233995736766e-17,379
2022-03-22,318.0,3,22,1,12,353.0,291.0,601.0,359.0,452.5,0,1.0,6.123233995736766e-17,380
2022-03-23,279.0,3,23,2,12,318.0,211.0,858.0,362.85714285714283,443.06666666666666,0,1.0,6.123233995736766e-17,381
2022-03-24,270.0,3,24,3,12,279.0,254.0,387.0,372.57142857142856,423.76666666666665,0,1.0,6.123233995736766e-17,382
2022-03-25,325.0,3,25,4,12,270.0,295.0,419.0,374.85714285714283,419.8666666666667,0,1.0,6.123233995736766e-17,383
2022-03-26,530.0,3,26,5,12,325.0,416.0,487.0,379.14285714285717,416.73333333333335,1,1.0,6.123233995736766e-17,384
2022-03-27,649.0,3,27,6,12,530.0,693.0,520.0,395.42857142857144,418.1666666666667,1,1.0,6.123233995736766e-17,385
2022-03-28,337.0,3,28,0,13,649.0,353.0,656.0,389.14285714285717,422.46666666666664,0,1.0,6.123233995736766e-17,386
2022-03-29,311.0,3,29,1,13,337.0,318.0,948.0,386.85714285714283,411.8333333333333,0,1.0,6.123233995736766e-17,387
2022-03-30,224.0,3,30,2,13,311.0,279.0,402.0,385.85714285714283,390.6,0,1.0,6.123233995736766e-17,388
2022-03-31,249.0,3,31,3,13,224.0,270.0,474.0,378.0,384.6666666666667,0,1.0,6.123233995736766e-17,389
2022-04-01,349.0,4,1,4,13,249.0,325.0,355.0,375.0,377.1666666666667,0,0.8660254037844387,-0.4999999999999998,390
2022-04-02,396.0,4,2,5,13,349.0,530.0,357.0,378.42857142857144,376.96666666666664,1,0.8660254037844387,-0.4999999999999998,391
2022-04-03,568.0,4,3,6,13,396.0,649.0,441.0,359.2857142857143,378.26666666666665,1,0.8660254037844387,-0.4999999999999998,392
2022-04-04,298.0,4,4,0,14,568.0,337.0,602.0,347.7142857142857,382.5,0,0.8660254037844387,-0.4999999999999998,393
2022-04-05,337.0,4,5,1,14,298.0,311.0,800.0,342.14285714285717,372.3666666666667,0,0.8660254037844387,-0.4999999999999998,394
2022-04-06,255.0,4,6,2,14,337.0,224.0,400.0,345.85714285714283,356.93333333333334,0,0.8660254037844387,-0.4999999999999998,395
2022-04-07,319.0,4,7,3,14,255.0,249.0,331.0,350.2857142857143,352.1,0,0.8660254037844387,-0.4999999999999998,396
2022-04-08,255.0,4,8,4,14,319.0,349.0,233.0,360.2857142857143,351.7,0,0.8660254037844387,-0.4999999999999998,397
2022-04-09,426.0,4,9,5,14,255.0,396.0,248.0,346.85714285714283,352.43333333333334,1,0.8660254037844387,-0.4999999999999998,398
2022-04-10,641.0,4,10,6,14,426.0,568.0,270.0,351.14285714285717,358.3666666666667,1,0.8660254037844387,-0.4999999999999998,399
2022-04-11,438.0,4,11,0,15,641.0,298.0,347.0,361.57142857142856,370.73333333333335,0,0.8660254037844387,-0.4999999999999998,400
2022-04-12,344.0,4,12,1,15,438.0,337.0,609.0,381.57142857142856,373.76666666666665,0,0.8660254037844387,-0.4999999999999998,401
2022-04-13,330.0,4,13,2,15,344.0,255.0,317.0,382.57142857142856,364.93333333333334,0,0.8660254037844387,-0.4999999999999998,402
2022-04-14,409.0,4,14,3,15,330.0,319.0,291.0,393.2857142857143,365.3666666666667,0,0.8660254037844387,-0.4999999999999998,403
2022-04-15,497.0,4,15,4,15,409.0,255.0,211.0,406.14285714285717,369.3,0,0.8660254037844387,-0.4999999999999998,404
2022-04-16,951.0,4,16,5,15,497.0,426.0,254.0,440.7142857142857,378.8333333333333,1,0.8660254037844387,-0.4999999999999998,405
2022-04-17,826.0,4,17,6,15,951.0,641.0,295.0,515.7142857142857,402.06666666666666,1,0.8660254037844387,-0.4999999999999998,406
2022-04-18,1063.0,4,18,0,16,826.0,438.0,416.0,542.1428571428571,419.76666666666665,0,0.8660254037844387,-0.4999999999999998,407
2022-04-19,525.0,4,19,1,16,1063.0,344.0,693.0,631.4285714285714,441.3333333333333,0,0.8660254037844387,-0.4999999999999998,408
2022-04-20,472.0,4,20,2,16,525.0,330.0,353.0,657.2857142857143,435.73333333333335,0,0.8660254037844387,-0.4999999999999998,409
2022-04-21,677.0,4,21,3,16,472.0,409.0,318.0,677.5714285714286,439.7,0,0.8660254037844387,-0.4999999999999998,410
2022-04-22,529.0,4,22,4,16,677.0,497.0,279.0,715.8571428571429,451.6666666666667,0,0.8660254037844387,-0.4999999999999998,411
2022-04-23,494.0,4,23,5,16,529.0,951.0,270.0,720.4285714285714,460.0,1,0.8660254037844387,-0.4999999999999998,412
2022-04-24,711.0,4,24,6,16,494.0,826.0,325.0,655.1428571428571,467.46666666666664,1,0.8660254037844387,-0.4999999999999998,413
2022-04-25,428.0,4,25,0,17,711.0,1063.0,530.0,638.7142857142857,480.3333333333333,0,0.8660254037844387,-0.4999999999999998,414
2022-04-26,333.0,4,26,1,17,428.0,525.0,649.0,548.0,476.93333333333334,0,0.8660254037844387,-0.4999999999999998,415
2022-04-27,445.0,4,27,2,17,333.0,472.0,337.0,520.5714285714286,466.4,0,0.8660254037844387,-0.4999999999999998,416
2022-04-28,387.0,4,28,3,17,445.0,677.0,311.0,516.7142857142857,470.0,0,0.8660254037844387,-0.4999999999999998,417
2022-04-29,439.0,4,29,4,17,387.0,529.0,224.0,475.2857142857143,472.53333333333336,0,0.8660254037844387,-0.4999999999999998,418
2022-04-30,783.0,4,30,5,17,439.0,494.0,249.0,462.42857142857144,479.7,1,0.8660254037844387,-0.4999999999999998,419
2022-05-01,1007.0,5,1,6,17,783.0,711.0,349.0,503.7142857142857,497.5,1,0.49999999999999994,-0.8660254037844387,420
2022-05-02,553.0,5,2,0,18,1007.0,428.0,396.0,546.0,519.4333333333333,0,0.49999999999999994,-0.8660254037844387,421
2022-05-03,402.0,5,3,1,18,553.0,333.0,568.0,563.8571428571429,524.6666666666666,0,0.49999999999999994,-0.8660254037844387,422
2022-05-05,454.0,5,5,3,18,402.0,445.0,298.0,573.7142857142857,519.1333333333333,0,0.49999999999999994,-0.8660254037844387,423
2022-05-06,473.0,5,6,4,18,454.0,387.0,337.0,575.0,524.3333333333334,0,0.49999999999999994,-0.8660254037844387,424
2022-05-07,557.0,5,7,5,18,473.0,439.0,255.0,587.2857142857143,528.8666666666667,1,0.49999999999999994,-0.8660254037844387,425
2022-05-08,817.0,5,8,6,18,557.0,783.0,319.0,604.1428571428571,538.9333333333333,1,0.49999999999999994,-0.8660254037844387,426
2022-05-09,401.0,5,9,0,19,817.0,1007.0,255.0,609.0,555.5333333333333,0,0.49999999999999994,-0.8660254037844387,427
2022-05-10,356.0,5,10,1,19,401.0,553.0,426.0,522.4285714285714,560.4,0,0.49999999999999994,-0.8660254037844387,428
2022-05-11,315.0,5,11,2,19,356.0,402.0,641.0,494.2857142857143,558.0666666666667,0,0.49999999999999994,-0.8660254037844387,429
2022-05-12,365.0,5,12,3,19,315.0,454.0,438.0,481.85714285714283,547.2,0,0.49999999999999994,-0.8660254037844387,430
2022-05-13,366.0,5,13,4,19,365.0,473.0,344.0,469.14285714285717,544.7666666666667,0,0.49999999999999994,-0.8660254037844387,431
2022-05-14,540.0,5,14,5,19,366.0,557.0,330.0,453.85714285714283,545.5,1,0.49999999999999994,-0.8660254037844387,432
2022-05-15,826.0,5,15,6,19,540.0,817.0,409.0,451.42857142857144,552.5,1,0.49999999999999994,-0.8660254037844387,433
2022-05-16,411.0,5,16,0,20,826.0,401.0,497.0,452.7142857142857,566.4,0,0.49999999999999994,-0.8660254037844387,434
2022-05-17,335.0,5,17,1,20,411.0,356.0,951.0,454.14285714285717,563.5333333333333,0,0.49999999999999994,-0.8660254037844387,435
2022-05-18,352.0,5,18,2,20,335.0,315.0,826.0,451.14285714285717,543.0,0,0.49999999999999994,-0.8660254037844387,436
2022-05-19,356.0,5,19,3,20,352.0,365.0,1063.0,456.42857142857144,527.2,0,0.49999999999999994,-0.8660254037844387,437
2022-05-20,414.0,5,20,4,20,356.0,366.0,525.0,455.14285714285717,503.6333333333333,0,0.49999999999999994,-0.8660254037844387,438
2022-05-21,525.0,5,21,5,20,414.0,540.0,472.0,462.0,499.93333333333334,1,0.49999999999999994,-0.8660254037844387,439
2022-05-22,777.0,5,22,6,20,525.0,826.0,677.0,459.85714285714283,501.7,1,0.49999999999999994,-0.8660254037844387,440
2022-05-23,352.0,5,23,0,21,777.0,411.0,529.0,452.85714285714283,505.03333333333336,0,0.49999999999999994,-0.8660254037844387,441
2022-05-24,407.0,5,24,1,21,352.0,335.0,494.0,444.42857142857144,499.1333333333333,0,0.49999999999999994,-0.8660254037844387,442
2022-05-25,524.0,5,25,2,21,407.0,352.0,711.0,454.7142857142857,496.23333333333335,0,0.49999999999999994,-0.8660254037844387,443
2022-05-26,1081.0,5,26,3,21,524.0,356.0,428.0,479.2857142857143,490.0,0,0.49999999999999994,-0.8660254037844387,444
2022-05-27,1122.0,5,27,4,21,1081.0,414.0,333.0,582.8571428571429,511.76666666666665,0,0.49999999999999994,-0.8660254037844387,445
2022-05-28,1194.0,5,28,5,21,1122.0,525.0,445.0,684.0,538.0666666666667,1,0.49999999999999994,-0.8660254037844387,446
2022-05-29,1483.0,5,29,6,21,1194.0,777.0,387.0,779.5714285714286,563.0333333333333,1,0.49999999999999994,-0.8660254037844387,447
2022-05-30,498.0,5,30,0,22,1483.0,352.0,439.0,880.4285714285714,599.5666666666667,0,0.49999999999999994,-0.8660254037844387,448
2022-05-31,380.0,5,31,1,22,498.0,407.0,783.0,901.2857142857143,601.5333333333333,0,0.49999999999999994,-0.8660254037844387,449
2022-06-01,416.0,6,1,2,22,380.0,524.0,1007.0,897.4285714285714,588.1,0,1.2246467991473532e-16,-1.0,450
2022-06-02,356.0,6,2,3,22,416.0,1081.0,553.0,882.0,568.4,0,1.2246467991473532e-16,-1.0,451
2022-06-03,449.0,6,3,4,22,356.0,1122.0,402.0,778.4285714285714,561.8333333333334,0,1.2246467991473532e-16,-1.0,452
2022-06-04,700.0,6,4,5,22,449.0,1194.0,454.0,682.2857142857143,563.4,1,1.2246467991473532e-16,-1.0,453
2022-06-05,1178.0,6,5,6,22,700.0,1483.0,473.0,611.7142857142857,571.6,1,1.2246467991473532e-16,-1.0,454
2022-06-06,1057.0,6,6,0,23,1178.0,498.0,557.0,568.1428571428571,595.1,0,1.2246467991473532e-16,-1.0,455
2022-06-07,410.0,6,7,1,23,1057.0,380.0,817.0,648.0,611.7666666666667,0,1.2246467991473532e-16,-1.0,456
2022-06-08,341.0,6,8,2,23,410.0,416.0,401.0,652.2857142857143,598.2,0,1.2246467991473532e-16,-1.0,457
2022-06-09,357.0,6,9,3,23,341.0,356.0,356.0,641.5714285714286,596.2,0,1.2246467991473532e-16,-1.0,458
2022-06-10,356.0,6,10,4,23,357.0,449.0,315.0,641.7142857142857,596.2333333333333,0,1.2246467991473532e-16,-1.0,459
2022-06-11,638.0,6,11,5,23,356.0,700.0,365.0,628.4285714285714,597.6,1,1.2246467991473532e-16,-1.0,460
2022-06-12,776.0,6,12,6,23,638.0,1178.0,366.0,619.5714285714286,606.7,1,1.2246467991473532e-16,-1.0,461
2022-06-13,428.0,6,13,0,24,776.0,1057.0,540.0,562.1428571428571,620.3666666666667,0,1.2246467991473532e-16,-1.0,462
2022-06-14,400.0,6,14,1,24,428.0,410.0,826.0,472.2857142857143,616.6333333333333,0,1.2246467991473532e-16,-1.0,463
2022-06-15,381.0,6,15,2,24,400.0,341.0,411.0,470.85714285714283,602.4333333333333,0,1.2246467991473532e-16,-1.0,464
2022-06-16,362.0,6,16,3,24,381.0,357.0,335.0,476.57142857142856,601.4333333333333,0,1.2246467991473532e-16,-1.0,465
2022-06-17,376.0,6,17,4,24,362.0,356.0,352.0,477.2857142857143,602.3333333333334,0,1.2246467991473532e-16,-1.0,466
2022-06-18,659.0,6,18,5,24,376.0,638.0,356.0,480.14285714285717,603.1333333333333,1,1.2246467991473532e-16,-1.0,467
2022-06-19,934.0,6,19,6,24,659.0,776.0,414.0,483.14285714285717,613.2333333333333,1,1.2246467991473532e-16,-1.0,468
2022-06-20,402.0,6,20,0,25,934.0,428.0,525.0,505.7142857142857,630.5666666666667,0,1.2246467991473532e-16,-1.0,469
2022-06-21,418.0,6,21,1,25,402.0,400.0,777.0,502.0,626.4666666666667,0,1.2246467991473532e-16,-1.0,470
2022-06-22,332.0,6,22,2,25,418.0,381.0,352.0,504.57142857142856,614.5,0,1.2246467991473532e-16,-1.0,471
2022-06-23,398.0,6,23,3,25,332.0,362.0,407.0,497.57142857142856,613.8333333333334,0,1.2246467991473532e-16,-1.0,472
2022-06-24,452.0,6,24,4,25,398.0,376.0,524.0,502.7142857142857,613.5333333333333,0,1.2246467991473532e-16,-1.0,473
2022-06-25,601.0,6,25,5,25,452.0,659.0,1081.0,513.5714285714286,611.1333333333333,1,1.2246467991473532e-16,-1.0,474
2022-06-26,832.0,6,26,6,25,601.0,934.0,1122.0,505.2857142857143,595.1333333333333,1,1.2246467991473532e-16,-1.0,475
2022-06-27,483.0,6,27,0,26,832.0,402.0,1194.0,490.7142857142857,585.4666666666667,0,1.2246467991473532e-16,-1.0,476
2022-06-28,386.0,6,28,1,26,483.0,418.0,1483.0,502.2857142857143,561.7666666666667,0,1.2246467991473532e-16,-1.0,477
2022-06-29,342.0,6,29,2,26,386.0,332.0,498.0,497.7142857142857,525.2,0,1.2246467991473532e-16,-1.0,478
2022-06-30,439.0,6,30,3,26,342.0,398.0,380.0,499.14285714285717,520.0,0,1.2246467991473532e-16,-1.0,479
2022-07-01,482.0,7,1,4,26,439.0,452.0,416.0,505.0,521.9666666666667,0,-0.4999999999999997,-0.8660254037844388,480
2022-07-02,609.0,7,2,5,26,482.0,601.0,356.0,509.2857142857143,524.1666666666666,1,-0.4999999999999997,-0.8660254037844388,481
2022-07-03,1015.0,7,3,6,26,609.0,832.0,449.0,510.42857142857144,532.6,1,-0.4999999999999997,-0.8660254037844388,482
2022-07-04,561.0,7,4,0,27,1015.0,483.0,700.0,536.5714285714286,551.4666666666667,0,-0.4999999999999997,-0.8660254037844388,483
2022-07-05,512.0,7,5,1,27,561.0,386.0,1178.0,547.7142857142857,546.8333333333334,0,-0.4999999999999997,-0.8660254037844388,484
2022-07-06,517.0,7,6,2,27,512.0,342.0,1057.0,565.7142857142857,524.6333333333333,0,-0.4999999999999997,-0.8660254037844388,485
2022-07-07,580.0,7,7,3,27,517.0,439.0,410.0,590.7142857142857,506.6333333333333,0,-0.4999999999999997,-0.8660254037844388,486
2022-07-08,581.0,7,8,4,27,580.0,482.0,341.0,610.8571428571429,512.3,0,-0.4999999999999997,-0.8660254037844388,487
2022-07-09,876.0,7,9,5,27,581.0,609.0,357.0,625.0,520.3,1,-0.4999999999999997,-0.8660254037844388,488
2022-07-10,1195.0,7,10,6,27,876.0,1015.0,356.0,663.1428571428571,537.6,1,-0.4999999999999997,-0.8660254037844388,489
2022-07-11,845.0,7,11,0,28,1195.0,561.0,638.0,688.8571428571429,565.5666666666667,0,-0.4999999999999997,-0.8660254037844388,490
2022-07-12,725.0,7,12,1,28,845.0,512.0,776.0,729.4285714285714,572.4666666666667,0,-0.4999999999999997,-0.8660254037844388,491
2022-07-13,858.0,7,13,2,28,725.0,517.0,428.0,759.8571428571429,570.7666666666667,0,-0.4999999999999997,-0.8660254037844388,492
2022-07-14,1340.0,7,14,3,28,858.0,580.0,400.0,808.5714285714286,585.1,0,-0.4999999999999997,-0.8660254037844388,493
2022-07-15,1268.0,7,15,4,28,1340.0,581.0,381.0,917.1428571428571,616.4333333333333,0,-0.4999999999999997,-0.8660254037844388,494
2022-07-16,1535.0,7,16,5,28,1268.0,876.0,362.0,1015.2857142857143,646.0,1,-0.4999999999999997,-0.8660254037844388,495
2022-07-17,1646.0,7,17,6,28,1535.0,1195.0,376.0,1109.4285714285713,685.1,1,-0.4999999999999997,-0.8660254037844388,496
2022-07-18,1023.0,7,18,0,29,1646.0,845.0,659.0,1173.857142857143,727.4333333333333,0,-0.4999999999999997,-0.8660254037844388,497
2022-07-19,827.0,7,19,1,29,1023.0,725.0,934.0,1199.2857142857142,739.5666666666667,0,-0.4999999999999997,-0.8660254037844388,498
2022-07-20,809.0,7,20,2,29,827.0,858.0,402.0,1213.857142857143,736.0,0,-0.4999999999999997,-0.8660254037844388,499
2022-07-21,863.0,7,21,3,29,809.0,1340.0,418.0,1206.857142857143,749.5666666666667,0,-0.4999999999999997,-0.8660254037844388,500
2022-07-22,859.0,7,22,4,29,863.0,1268.0,332.0,1138.7142857142858,764.4,0,-0.4999999999999997,-0.8660254037844388,501
2022-07-23,1178.0,7,23,5,29,859.0,1535.0,398.0,1080.2857142857142,781.9666666666667,1,-0.4999999999999997,-0.8660254037844388,502
2022-07-24,1350.0,7,24,6,29,1178.0,1646.0,452.0,1029.2857142857142,807.9666666666667,1,-0.4999999999999997,-0.8660254037844388,503
2022-07-25,1030.0,7,25,0,30,1350.0,1023.0,601.0,987.0,837.9,0,-0.4999999999999997,-0.8660254037844388,504
2022-07-26,857.0,7,26,1,30,1030.0,827.0,832.0,988.0,852.2,0,-0.4999999999999997,-0.8660254037844388,505
2022-07-27,793.0,7,27,2,30,857.0,809.0,483.0,992.2857142857143,853.0333333333333,0,-0.4999999999999997,-0.8660254037844388,506
2022-07-28,921.0,7,28,3,30,793.0,863.0,386.0,990.0,863.3666666666667,0,-0.4999999999999997,-0.8660254037844388,507
2022-07-29,802.0,7,29,4,30,921.0,859.0,342.0,998.2857142857143,881.2,0,-0.4999999999999997,-0.8660254037844388,508
2022-07-30,1173.0,7,30,5,30,802.0,1178.0,439.0,990.1428571428571,896.5333333333333,1,-0.4999999999999997,-0.8660254037844388,509
2022-07-31,1562.0,7,31,6,30,1173.0,1350.0,482.0,989.4285714285714,921.0,1,-0.4999999999999997,-0.8660254037844388,510
2022-08-01,1152.0,8,1,0,31,1562.0,1030.0,609.0,1019.7142857142857,957.0,0,-0.8660254037844385,-0.5000000000000004,511
2022-08-02,997.0,8,2,1,31,1152.0,857.0,1015.0,1037.142857142857,975.1,0,-0.8660254037844385,-0.5000000000000004,512
2022-08-03,949.0,8,3,2,31,997.0,793.0,561.0,1057.142857142857,974.5,0,-0.8660254037844385,-0.5000000000000004,513
2022-08-04,999.0,8,4,3,31,949.0,921.0,512.0,1079.4285714285713,987.4333333333333,0,-0.8660254037844385,-0.5000000000000004,514
2022-08-05,1030.0,8,5,4,31,999.0,802.0,517.0,1090.5714285714287,1003.6666666666666,0,-0.8660254037844385,-0.5000000000000004,515
2022-08-06,1236.0,8,6,5,31,1030.0,1173.0,580.0,1123.142857142857,1020.7666666666667,1,-0.8660254037844385,-0.5000000000000004,516
2022-08-07,1571.0,8,7,6,31,1236.0,1562.0,581.0,1132.142857142857,1042.6333333333334,1,-0.8660254037844385,-0.5000000000000004,517
2022-08-08,1458.0,8,8,0,32,1571.0,1152.0,876.0,1133.4285714285713,1075.6333333333334,0,-0.8660254037844385,-0.5000000000000004,518
2022-08-09,1094.0,8,9,1,32,1458.0,997.0,1195.0,1177.142857142857,1095.0333333333333,0,-0.8660254037844385,-0.5000000000000004,519
2022-08-10,1172.0,8,10,2,32,1094.0,949.0,845.0,1191.0,1091.6666666666667,0,-0.8660254037844385,-0.5000000000000004,520
2022-08-11,1231.0,8,11,3,32,1172.0,999.0,725.0,1222.857142857143,1102.5666666666666,0,-0.8660254037844385,-0.5000000000000004,521
2022-08-12,1255.0,8,12,4,32,1231.0,1030.0,858.0,1256.0,1119.4333333333334,0,-0.8660254037844385,-0.5000000000000004,522
2022-08-13,1360.0,8,13,5,32,1255.0,1236.0,1340.0,1288.142857142857,1132.6666666666667,1,-0.8660254037844385,-0.5000000000000004,523
2022-08-14,1970.0,8,14,6,32,1360.0,1571.0,1268.0,1305.857142857143,1133.3333333333333,1,-0.8660254037844385,-0.5000000000000004,524
2022-08-15,1463.0,8,15,0,33,1970.0,1458.0,1535.0,1362.857142857143,1156.7333333333333,0,-0.8660254037844385,-0.5000000000000004,525
2022-08-16,1069.0,8,16,1,33,1463.0,1094.0,1646.0,1363.5714285714287,1154.3333333333333,0,-0.8660254037844385,-0.5000000000000004,526
2022-08-17,1020.0,8,17,2,33,1069.0,1172.0,1023.0,1360.0,1135.1,0,-0.8660254037844385,-0.5000000000000004,527
2022-08-18,1250.0,8,18,3,33,1020.0,1231.0,827.0,1338.2857142857142,1135.0,0,-0.8660254037844385,-0.5000000000000004,528
2022-08-19,970.0,8,19,4,33,1250.0,1255.0,809.0,1341.0,1149.1,0,-0.8660254037844385,-0.5000000000000004,529
2022-08-20,1268.0,8,20,5,33,970.0,1360.0,863.0,1300.2857142857142,1154.4666666666667,1,-0.8660254037844385,-0.5000000000000004,530
2022-08-21,1554.0,8,21,6,33,1268.0,1970.0,859.0,1287.142857142857,1167.9666666666667,1,-0.8660254037844385,-0.5000000000000004,531
2022-08-22,1009.0,8,22,0,34,1554.0,1463.0,1178.0,1227.7142857142858,1191.1333333333334,0,-0.8660254037844385,-0.5000000000000004,532
2022-08-23,805.0,8,23,1,34,1009.0,1069.0,1350.0,1162.857142857143,1185.5,0,-0.8660254037844385,-0.5000000000000004,533
2022-08-24,819.0,8,24,2,34,805.0,1020.0,1030.0,1125.142857142857,1167.3333333333333,0,-0.8660254037844385,-0.5000000000000004,534
2022-08-25,714.0,8,25,3,34,819.0,1250.0,857.0,1096.4285714285713,1160.3,0,-0.8660254037844385,-0.5000000000000004,535
2022-08-26,652.0,8,26,4,34,714.0,970.0,793.0,1019.8571428571429,1155.5333333333333,0,-0.8660254037844385,-0.5000000000000004,536
2022-08-27,780.0,8,27,5,34,652.0,1268.0,921.0,974.4285714285714,1150.8333333333333,1,-0.8660254037844385,-0.5000000000000004,537
2022-08-28,1108.0,8,28,6,34,780.0,1554.0,802.0,904.7142857142857,1146.1333333333334,1,-0.8660254037844385,-0.5000000000000004,538
2022-08-29,587.0,8,29,0,35,1108.0,1009.0,1173.0,841.0,1156.3333333333333,0,-0.8660254037844385,-0.5000000000000004,539
2022-08-30,586.0,8,30,1,35,587.0,805.0,1562.0,780.7142857142857,1136.8,0,-0.8660254037844385,-0.5000000000000004,540
2022-08-31,417.0,8,31,2,35,586.0,819.0,1152.0,749.4285714285714,1104.2666666666667,0,-0.8660254037844385,-0.5000000000000004,541
2022-09-02,445.0,9,2,4,35,417.0,714.0,997.0,692.0,1079.7666666666667,0,-1.0,-1.8369701987210297e-16,542
2022-09-03,605.0,9,3,5,35,445.0,652.0,949.0,653.5714285714286,1061.3666666666666,1,-1.0,-1.8369701987210297e-16,543
2022-09-04,751.0,9,4,6,35,605.0,780.0,999.0,646.8571428571429,1049.9,1,-1.0,-1.8369701987210297e-16,544
2022-09-05,490.0,9,5,0,36,751.0,1108.0,1030.0,642.7142857142857,1041.6333333333334,0,-1.0,-1.8369701987210297e-16,545
2022-09-06,359.0,9,6,1,36,490.0,587.0,1236.0,554.4285714285714,1023.6333333333333,0,-1.0,-1.8369701987210297e-16,546
2022-09-07,375.0,9,7,2,36,359.0,586.0,1571.0,521.8571428571429,994.4,0,-1.0,-1.8369701987210297e-16,547
2022-09-08,373.0,9,8,3,36,375.0,417.0,1458.0,491.7142857142857,954.5333333333333,0,-1.0,-1.8369701987210297e-16,548
2022-09-09,432.0,9,9,4,36,373.0,445.0,1094.0,485.42857142857144,918.3666666666667,0,-1.0,-1.8369701987210297e-16,549
2022-09-10,582.0,9,10,5,36,432.0,605.0,1172.0,483.57142857142856,896.3,1,-1.0,-1.8369701987210297e-16,550
2022-09-11,907.0,9,11,6,36,582.0,751.0,1231.0,480.2857142857143,876.6333333333333,1,-1.0,-1.8369701987210297e-16,551
2022-09-12,431.0,9,12,0,37,907.0,490.0,1255.0,502.57142857142856,865.8333333333334,0,-1.0,-1.8369701987210297e-16,552
2022-09-13,325.0,9,13,1,37,431.0,359.0,1360.0,494.14285714285717,838.3666666666667,0,-1.0,-1.8369701987210297e-16,553
2022-09-14,356.0,9,14,2,37,325.0,375.0,1970.0,489.2857142857143,803.8666666666667,0,-1.0,-1.8369701987210297e-16,554
2022-09-15,380.0,9,15,3,37,356.0,373.0,1463.0,486.57142857142856,750.0666666666667,0,-1.0,-1.8369701987210297e-16,555
2022-09-16,410.0,9,16,4,37,380.0,432.0,1069.0,487.57142857142856,713.9666666666667,0,-1.0,-1.8369701987210297e-16,556
2022-09-17,589.0,9,17,5,37,410.0,582.0,1020.0,484.42857142857144,692.0,1,-1.0,-1.8369701987210297e-16,557
2022-09-18,765.0,9,18,6,37,589.0,907.0,1250.0,485.42857142857144,677.6333333333333,1,-1.0,-1.8369701987210297e-16,558
2022-09-20,372.0,9,20,1,38,765.0,431.0,970.0,465.14285714285717,661.4666666666667,0,-1.0,-1.8369701987210297e-16,559
2022-09-21,306.0,9,21,2,38,372.0,325.0,1268.0,456.7142857142857,641.5333333333333,0,-1.0,-1.8369701987210297e-16,560
2022-09-22,357.0,9,22,3,38,306.0,356.0,1554.0,454.0,609.4666666666667,0,-1.0,-1.8369701987210297e-16,561
2022-09-23,409.0,9,23,4,38,357.0,380.0,1009.0,454.14285714285717,569.5666666666667,0,-1.0,-1.8369701987210297e-16,562
2022-09-24,534.0,9,24,5,38,409.0,410.0,805.0,458.2857142857143,549.5666666666667,1,-1.0,-1.8369701987210297e-16,563
2022-09-25,770.0,9,25,6,38,534.0,589.0,819.0,476.0,540.5333333333333,1,-1.0,-1.8369701987210297e-16,564
2022-09-26,399.0,9,26,0,39,770.0,765.0,714.0,501.85714285714283,538.9,0,-1.0,-1.8369701987210297e-16,565
2022-09-27,423.0,9,27,1,39,399.0,372.0,652.0,449.57142857142856,528.4,0,-1.0,-1.8369701987210297e-16,566
2022-09-28,357.0,9,28,2,39,423.0,306.0,780.0,456.85714285714283,520.7666666666667,0,-1.0,-1.8369701987210297e-16,567
2022-09-29,428.0,9,29,3,39,357.0,357.0,1108.0,464.14285714285717,506.6666666666667,0,-1.0,-1.8369701987210297e-16,568
2022-09-30,503.0,9,30,4,39,428.0,409.0,587.0,474.2857142857143,484.0,0,-1.0,-1.8369701987210297e-16,569
